<?xml version="1.0" encoding="UTF-8"?>
<project-private xmlns="http://www.netbeans.org/ns/project-private/1">
    <editor-bookmarks xmlns="http://www.netbeans.org/ns/editor-bookmarks/2" lastBookmarkId="0"/>
    <open-files xmlns="http://www.netbeans.org/ns/projectui-open-files/2">
        <group>
            <file>file:/Users/williamsaart/NetBeansProjects/UniversityMangement/src/universitymangement/dashboard.java</file>
            <file>file:/Users/williamsaart/NetBeansProjects/UniversityMangement/src/universitymangement/course_add.java</file>
            <file>file:/Users/williamsaart/NetBeansProjects/UniversityMangement/src/universitymangement/UniversityMangement.java</file>
            <file>file:/Users/williamsaart/NetBeansProjects/UniversityMangement/src/universitymangement/student.java</file>
            <file>file:/Users/williamsaart/NetBeansProjects/UniversityMangement/src/universitymangement/loginpage.java</file>
            <file>file:/Users/williamsaart/NetBeansProjects/UniversityMangement/src/universitymangement/manage.java</file>
            <file>file:/Users/williamsaart/NetBeansProjects/UniversityMangement/src/universitymangement/course_drop.java</file>
        </group>
    </open-files>
</project-private>
